<?xml version="1.0" encoding="UTF-8"?>
 <!DOCTYPE tiles-definitions PUBLIC  
        "-//Apache Software Foundation//DTD Tiles Configuration 3.0//EN"  
        "http://tiles.apache.org/dtds/tiles-config_3_0.dtd">
<tiles-definitions>

	<definition name="LoginTemplate" template="/WEB-INF/templates/loginTemplate.jsp">
		<put-attribute name="title" value="Login" />
		<put-attribute name="header" value="/WEB-INF/templates/header.jsp" />
		<put-attribute name="menu" value="" />
		<put-attribute name="body" value="" />
		<put-attribute name="footer" value="" />
	</definition>

	<definition name="WelcomeLoginTemplate" template="/WEB-INF/templates/SiteTemplate.jsp">
		<put-attribute name="title" value="" />
		<put-attribute name="header" value="/WEB-INF/templates/loginHeader.jsp" />
		<put-attribute name="menu" value="/WEB-INF/templates/menu.jsp" />
		<put-attribute name="body" value="" />
		<put-attribute name="footer" value="" />
	</definition>

</tiles-definitions>
