<?xml version="1.0" encoding="UTF-8"?>
<!DOCTYPE tiles-definitions PUBLIC
	"-//Apache Software Foundation//DTD Tiles Configuration 3.0//EN"
	"http://tiles.apache.org/dtds/tiles-config_3_0.dtd">
<tiles-definitions>

	<definition name="home" extends="LoginTemplate">
		<put-attribute name="body" value="/WEB-INF/jsp/home.jsp" />
	</definition>
	<definition name="welcomeLogin" extends="WelcomeLoginTemplate">
		<put-attribute name="title" value="Welcome" />
		<put-attribute name="body" value="/WEB-INF/jsp/welcomeLogin.jsp" />
	</definition>
	<definition name="registerPatient" extends="WelcomeLoginTemplate">
		<put-attribute name="title" value="Register Patient" />
		<put-attribute name="body" value="/WEB-INF/jsp/registerPatient.jsp" />
	</definition>
	<definition name="viewPatientList" extends="WelcomeLoginTemplate">
		<put-attribute name="title" value="View List" />
		<put-attribute name="body" value="/WEB-INF/jsp/viewPatientList.jsp" />
	</definition>
	<definition name="searchPatientPage" extends="WelcomeLoginTemplate">
		<put-attribute name="title" value="Search Patient" />
		<put-attribute name="body" value="/WEB-INF/jsp/searchPatient.jsp" />
	</definition>
	<definition name="getSearchPat" extends="WelcomeLoginTemplate">
		<put-attribute name="title" value="Search Patient" />
		<put-attribute name="body" value="/WEB-INF/jsp/searchResPat.jsp" />
	</definition>
	<definition name="updatePatient" extends="WelcomeLoginTemplate">
		<put-attribute name="title" value="Update Patient" />
		<put-attribute name="body"
			value="/WEB-INF/jsp/updatePatientList.jsp" />
	</definition>
	<definition name="getPatForUpdate" extends="WelcomeLoginTemplate">
		<put-attribute name="title" value="Update Employee" />
		<put-attribute name="body" value="/WEB-INF/jsp/updatePatient.jsp" />
	</definition>
	<definition name="deletePatient" extends="WelcomeLoginTemplate">
		<put-attribute name="title" value="Update Patient" />
		<put-attribute name="body"
			value="/WEB-INF/jsp/deletePatientList.jsp" />
	</definition>

</tiles-definitions>
