<beans xmlns="http://www.springframework.org/schema/beans"
	xmlns:xsi="http://www.w3.org/2001/XMLSchema-instance" xmlns:tx="http://www.springframework.org/schema/tx"
	xmlns:p="http://www.springframework.org/schema/p" xmlns:context="http://www.springframework.org/schema/context"
	xmlns:mvc="http://www.springframework.org/schema/mvc"
	xsi:schemaLocation="http://www.springframework.org/schema/beans 
	http://www.springframework.org/schema/beans/spring-beans-3.2.xsd    
	http://www.springframework.org/schema/context    
	http://www.springframework.org/schema/context/spring-context-3.2.xsd 
	http://www.springframework.org/schema/mvc 
	http://www.springframework.org/schema/mvc/spring-mvc-3.2.xsd
	http://www.springframework.org/schema/tx
	http://www.springframework.org/schema/tx/spring-tx-3.2.xsd">

	<context:component-scan base-package="com.hospitalmanagement.src"></context:component-scan>

	<!-- <bean class="org.springframework.web.servlet.view.InternalResourceViewResolver"> 
		<property name="prefix" value="/WEB-INF/jsp/"></property> <property name="suffix" 
		value=".jsp"></property> </bean> -->

	<mvc:annotation-driven />
	<mvc:default-servlet-handler />
	<mvc:resources mapping="/resources/**" location="/resources/" />

	<bean id="viewResolver"
		class="org.springframework.web.servlet.view.tiles3.TilesViewResolver" />

	<bean id="tilesConfigurer"
		class="org.springframework.web.servlet.view.tiles3.TilesConfigurer">
		<property name="definitions">
			<list>
				<value>/WEB-INF/tiles/layouts.xml</value>
				<value>/WEB-INF/tiles/views.xml</value>
			</list>
		</property>
	</bean>

	<bean id="dataSource" destroy-method="close"
		class="org.apache.commons.dbcp.BasicDataSource">
		<property name="driverClassName" value="oracle.jdbc.driver.OracleDriver" />
		<property name="url" value="jdbc:oracle:thin:@localhost:1521:xe" />
		<property name="username" value="system" />
		<property name="password" value="root" />
	</bean>

	<bean id="sessionFactory"
		class="org.springframework.orm.hibernate4.LocalSessionFactoryBean">
		<property name="dataSource" ref="dataSource" />
		<property name="packagesToScan" value="com.hospitalmangement.src.bean" />
		<property name="hibernateProperties">
			<props>
				<prop key="hibernate.dialect">org.hibernate.dialect.Oracle10gDialect</prop>
				<prop key="hibernate.hbm2ddl.auto">update</prop>
				<prop key="hibenate.show_sql">true</prop>
			</props>
		</property>
	</bean>

	<bean id="template" class="org.springframework.orm.hibernate4.HibernateTemplate">
		<property name="sessionFactory" ref="sessionFactory"></property>
	</bean>

	<bean id="loginDao" class="com.hospitalmanagement.src.dao.LoginDAOImpl">
	</bean>
	<bean id="displayPatientDao" class="com.hospitalmanagement.src.dao.DisplayPatientDAOImpl">
	</bean>
	<bean id="registerPatientDao" class="com.hospitalmanagement.src.dao.RegisterPatientDAOImpl">
	</bean>
	<bean id="searchPatientDao" class="com.hospitalmanagement.src.dao.SearchPatientDAOImpl" />
	<bean id="updatePatientDao" class="com.hospitalmanagement.src.dao.UpdatePatientDAOImpl" />
	<bean id="deletePatientDao" class="com.hospitalmanagement.src.dao.DeletePatientDAOImpl" />


	<bean id="loginService" class="com.hospitalmanagement.src.service.LoginServiceImpl" />

	<bean id="displayService" class="com.hospitalmanagement.src.service.DisplayServiceImpl" />

	<bean id="registrationService"
		class="com.hospitalmanagement.src.service.RegistrationServiceImpl" />
	<bean id="searchService" class="com.hospitalmanagement.src.service.SearchServiceImpl" />
	<bean id="updateService" class="com.hospitalmanagement.src.service.UpdateServiceImpl" />
	<bean id="deleteService" class="com.hospitalmanagement.src.service.DeleteServiceImpl" />

</beans>